103|Вапнярська територіальна громада|Вінницька область|id103|http://decentralization.gov.ua/region/common/id/326|2|Значення показників|8364|566|920|2|12673223|12573223|100000|0|0|341|18|3|0|0|3|1|4|1|2|2|1|1||є|є|є|є|є|є|є
108|Іллінецька територіальна громада|Вінницька область|id108|http://decentralization.gov.ua/region/common/id/353|2|Значення показників||18161|1382|2010|20|36769000|31 604 000||5 165 000|0|0|332.0|69||3|0|11|1|14|5|15|3|1|1||є|є|є|є|є|є|є
109|Калинівська територіальна громада|Вінницька область|id109|http://decentralization.gov.ua/region/common/id/279|"|Unnamed: 2|19985|1365|2309|5|10856488|10136488     720000|8837|22|4|1|-|8|1|2|2|1|2|1|0||є|є|є|є|є|є|є
120|Студенянська територіальна громада|Вінницька область|id120|http://decentralization.gov.ua/region/common/id/716|"|"|3247|121|505|9|8851200|7848900|0|1002300|0|129.30|16|1|1|0|2|0|6|0|5|1|0|0||є|є|є|є|є|є|є
125|Велицька територіальна громада|Волинська область|id125|http://decentralization.gov.ua/region/common/id/719|"|Unnamed: 2|4015|203|486|12|2853800|1150200|0|1703600|0|212|33|3|1|5|0|0|12|0|10|2|0|0|є|є|є|є|є|є|є|є
127|Голобська територіальна громада|Волинська область|id127|http://decentralization.gov.ua/region/common/id/720|"|Unnamed: 2|7679|407|820|19|6230100|3656600|0|2573500|0|224|49|2|4|4|1|3|15|1|16|1|1|1|є|є|є|є|є|є|є|є
132|Зимнівська територіальна громада|Волинська область|id132|http://decentralization.gov.ua/region/common/id/717|"|Unnamed: 2|5460|537|623|17|5224400|2782800|4800|2436800|0|175|40|3|1|4|3|0|14|0|15|0|0|0|є|є|є|немає|є|є|немає|є
142|Смолигівська територіальна громада|Волинська область|id142|http://decentralization.gov.ua/region/common/id/721|2|Показники|1771|147|266|5|1940000||1940000||||6912|6|1|0|0|0|0|4|0|1|0|0|0|є|є|є|є|є|немає|є|є
143|Устилузька територіальна громада|Волинська область|id143|http://decentralization.gov.ua/region/common/id/718|"|Unnamed: 2|7778|568|740|26|8470700|6926000|0|1544700|0|401|61|3|4|3|8|0|21|0|19|1|1|1||є|є|є|є|є|є|є
144|Шацька територіальна громада|Волинська область|id144|http://decentralization.gov.ua/region/common/id/903|8739|800|1027|11|11902291|5619959|1908000|4374332|0|24699|-|3|4|0|4|1|10|1|8|1|1|1|є|є|є|є|є|є|є|є
145|Апостолівська територіальна громада|Дніпропетровська область|id145|http://decentralization.gov.ua/region/common/id/736|2|Значення показника|24462.0|1905|2541|20.0|1560758.0|6899004|6000|12413|0|67949.0|79.0|12|2|0|9|1|27|-|21|6|1|-|10.0|4|2|1|1|1|1|10.0
147|Богданівська територіальна громада|Дніпропетровська область|id147|http://decentralization.gov.ua/region/common/id/729|"|"|7120.0|380|704|9.0|3146577.0|3146577.0|0.0|0.0|95220.0|3628.0|19.0|2.0|2.0|0.0|3.0|0.0|3.0|0.0|5.0|2.0|0.0|2.0|0.0|0|0|0|0|0|0|3.0
152|Великомихайлівська територіальна громада|Дніпропетровська область|id152|http://decentralization.gov.ua/region/common/id/1263|2|Значення показника|3987.0|190|326|2.0|52344.0|52344|00|00|00|1466.0|12.0|1|1|0|2|0|4|0|2|1|0|1|7.0|1|2|1|1|1|1|2.0
153|Вербківська територіальна громада|Дніпропетровська область|id153|http://decentralization.gov.ua/region/common/id/728|2|Найменування показника|8103|519|790|12|4807612|3567352|0|0|124026|4503|22|3|0|0|3|1|4|0|7|2|0|2|0|0|0|0|0|0|0|4
155|Гречаноподіївська територіальна громада|Дніпропетровська область|id155|http://decentralization.gov.ua/region/common/id/1265|2|Значення показника|3728.0|290|372|13.0|30145200.0|206468.0|18.0|4.0|2|7|5|6.0|наявне|наявне|наявне|наявне|наявне|Наявне|2.0
157|Зеленодольська територіальна громада|Дніпропетровська область|id157|http://decentralization.gov.ua/region/common/id/733|2|Показники|20856|1032|1864|4||439115|113413|0|0|27627|29|5|0|1|6|2|8|1|2|3|1|0|2|1|0|0|0|1|0|3
160|Ляшківська територіальна громада|Дніпропетровська область|id160|http://decentralization.gov.ua/region/common/id/730|2|Найменування показника|2162|143|252|9|57510|18024|00|5865|00|82197|12|1|1|0|2|0|5|0|3|0|0|0/0|7|1|2|1|1|1|1|2
162|Мирівська територіальна громада|Дніпропетровська область|id162|http://decentralization.gov.ua/region/common/id/1244|2|Значення показника|4154.0|361|489|7.0|51151.0|46498||4653||1297.0|10.0|2|3||2||2|1|||6.0|1|1|1|1|1|1|2.0
163|Могилівська територіальна громада|Дніпропетровська область|id163|http://decentralization.gov.ua/region/common/id/732|"|Unnamed: 2|3987.0|190|326|3.0|52344.0|52344|00|00|00|1466.0|12.0|1|1|0|2|0|4|0|2|1|0|1|7.0|1|2|1|1|1|1|2.0
166|Новоолександрівська територіальна громада|Дніпропетровська область|id166|http://decentralization.gov.ua/region/common/id/725|"|"|11410.0|895|1197|12.0|184785.0|58944|30117|-|-|226159.0|19.0|2|1|1|2||6||2|3|0|1|6.0|1|1|1|1|1|1|2.0
168|Новопокровська	територіальна громада|Дніпропетровська область|id168|http://decentralization.gov.ua/region/common/id/724|2|Найменування показника|4104|258|464|14|23977|15140|0|8837|0|22929|24|2|2|0|3|0|10|0|4|2|0|1|6|1|1|1|1|1|1|3
171|Святовасилівська територіальна громада|Дніпропетровська область|id171|http://decentralization.gov.ua/region/common/id/723|2|Найменування показника|4139|313|505|19|43648|41971|0|1677|0|231403|22|2|2|0|3|0|9|0|4|2|0|0|12|1|4|2|3|0|2|4
172|Слобожанська територіальна громада|Дніпропетровська область|id172|http://decentralization.gov.ua/region/common/id/731|"|"|14423.0|1252|1454|2.0|759161.0|759161|0|0|0|1664.0|16.0|2|0|1|3|1|4|2|1|2|0|0|6.0|1|0|1|2|1|1|2.0
173|Солонянська територіальна громада|Дніпропетровська область|id173|http://decentralization.gov.ua/region/common/id/727|"|"|14456.0|493|1419|18.0|198587.0|173299|11179|0|14109|3330.0|39.0|5|3|0|7|1|10|2|8|1|1|1|8.0|2|1|1|2|1|1|4.0
175|Сурсько-Литовська територіальна громада|Дніпропетровська область|id175|http://decentralization.gov.ua/region/common/id/726|2|Найменування показника|6214|439|640|4|37336|37336|0|0|0|1215|12|2|0|0|2|0|5|0|0|2|0|1|1|0|0|0|0|0|1|3
177|Царичанська територіальна громада|Дніпропетровська область|id177|http://decentralization.gov.ua/region/common/id/1267|"|Unnamed: 2|15227.0|463|1305|23.0|722770.0|341096|-|21593|-|453492.0||4|2|2|6|2|18|3|6|3|1|1
179|Вільховецька територіальна громада|Закарпатська область|id179|http://decentralization.gov.ua/region/common/id/741|2|Найменування показника||12369||1224|1896|6||96879||35894|2954|58031||76752||26||3|2|1|3|0|6|0|5|3|0|1|9||3|3|1|1|0|1|3||
183|Тячівська територіальна громада|Закарпатська область|id183|http://decentralization.gov.ua/region/common/id/742|2|Найменуванняпоказника||15798||1541|2978|5||287345||281118|6228|0|0|91346||38||6|2|0|5|1|9|1|2|4|1|1|10||3|3|1|1|1|1|3||
184|Берестівська територіальна громада|Запорізька область|id184|http://decentralization.gov.ua/region/common/id/416|2|Значення показника|4 842|195|619|11|14 055 300|7 815 000|0|0|49815|20|3|0|0|3|0|7|0|4|2|0|1||1|1|1|1|1|1|1
188|Веселівська територіальна громада|Запорізька область|id188|http://decentralization.gov.ua/region/common/id/421|2|Значення показника|12 718|704|1 220|9|12 679 053|0|19523|0|43834|29|1|1|3|3|1|8|1|5|5|1|0|6|1|1|1|1|1|1|3
190|Воскресенська територіальна громада|Запорізька область|id190|http://decentralization.gov.ua/region/common/id/743|2|Найменування показника|5 829|242|524|4|9 418 500|11 345 322|0|0|1 926 822|26470|14|2|1|0|2|0|6|0|1|2|0|0||1|1|1|1|1|1|1
193|Долинська територіальна громада|Запорізька область|id193|http://decentralization.gov.ua/region/common/id/1251|2|Значення показника|5 849|330|626|9|20 127 343|11348 074|8 779 269|0|0|1700|25|2|1|0|2|0|14|0|4|2|0|0|6|||||||2
195|Комиш-Зорянська територіальна громада|Запорізька область|id195|http://decentralization.gov.ua/region/common/id/434|2|Значення показника|6748|300|575|10|6 468 931|6 468 931|||37620|27|4|0|0|4|0|11|0|4|4|0|0||1|1|1|1|1|1|5
199|Осипенківська територіальна громада|Запорізька область|id199|http://decentralization.gov.ua/region/common/id/451|2|Значення показника|7 981|743|795|7|9 969 699|9 671 596|298 103|0|0|41960|32|3|2|0|4|1|13|1|4|3|0|1|6|1|1|1|1|1|1|1
202|Преображенська територіальна громада|Запорізька область|id202|http://decentralization.gov.ua/region/common/id/455|2|Значення показника|5 786|341|552|15|12 169 430|4 354 137|1 804 658|0|36714|29|2|1|1|4|3|10|0|4|3|0|1|6|1|1|1|1|1|1|1
204|Смирновська територіальна громада|Запорізька область|id204|http://decentralization.gov.ua/region/common/id/461|2|Значення показника|3 793  616|296|320|8|5 532 130||||31760|20|1|1|2|1|0|8|1|4|1|0|1|6|1|1|1|1|1|1|3
207|Широківська територіальна громада|Запорізька область|id207|http://decentralization.gov.ua/region/common/id/465|2|Громади|Широківська територіальна громада|Широківська територіальна громада|Широківська територіальна громада|Широківська територіальна громада|Широківська територіальна громада|Широківська територіальна громада|Широківська територіальна громада|Широківська територіальна громада|Широківська територіальна громада|Широківська територіальна громада|Широківська територіальна громада|Широківська територіальна громада|Широківська територіальна громада|Широківська територіальна громада|Широківська територіальна громада|Широківська територіальна громада|Широківська територіальна громада|Широківська територіальна громада|Широківська територіальна громада|Широківська територіальна громада|Широківська територіальна громада|Широківська територіальна громада|Широківська територіальна громада|Широківська територіальна громада|Широківська територіальна громада
208|Білоберізька територіальна громада|Івано-Франківська область|id208|http://decentralization.gov.ua/region/common/id/1016|2|Значення показника|2745||262|355|4|2 161 700||1162 200||999 500||4635|19||1|1|2|1|0|9|0|4|0|1|0||наявне|наявне|наявне|наявне|наявне|наявне|наявне
210|Верхнянська територіальна громада|Івано-Франківська область|id210|http://decentralization.gov.ua/region/common/id/746|2|Значення показника|10752|553|1238|12|9 418 400||4 308 300|34 000|5 076 100|0|14062|36|2|4|1|1|0|18|0|8|2|0|0||є|є|є|є|є|є
217|Печеніжинська територіальна громада|Івано-Франківська область|id217|http://decentralization.gov.ua/region/common/id/745|2|Значення показника|17657|1124|2050|9|12 900 600||4 752 900|30 000|8 117 700|0|18447|40|4|5|0|1|0|20|0|6|4|0|0||є|є|є|є|є|є
218|Старобогородчанська територіальна громада|Івано-Франківська область|id218|http://decentralization.gov.ua/region/common/id/744|2|Значення показника|6120|433|754|5|5 841 600||2 905 000|0|2 936 600|0|8433|20||||1|0|9|0|4|1|0|0||є|є|є|є|є|є|є
220|Бобринецька територіальна громада|Кіровоградська область|id220|http://decentralization.gov.ua/region/common/id/714|"|Unnamed: 2|12035|417|843|9|15261300|13747600  0  1630700  0|194298||2|2|0|1|0|6|5|3|1|1|0||є|є|є|є|є|є|є
224|Маловисківська територіальна громада|Кіровоградська область|id224|http://decentralization.gov.ua/region/common/id/748|"|Unnamed: 2|14116|802|1373|10|18599500|18599500  -  -  -|23183150000||5|-|-|4|2|9|1|6|1|1|-||В наявності|В наявності|В наявності|В наявності|В наявності|В наявності|В наявності
225|Новоукраїнська територіальна громада|Кіровоградська область|id225|http://decentralization.gov.ua/region/common/id/1160|2|Значення показника|20227|951|2285|12|22 504970|22 504970  200000  -  -|348|15|-|-|-|4|-|11|-|-|-|-|-|-|9|4|1|1|1|1|1|4
227|Іллінівська територіальна громада|Донецька область|id227|http://decentralization.gov.ua/region/common/id/1268|2|Найменування показника|10467||542|1104|25|21685307||24131947|||-2446640|526.52|60||7|0|2|7|1|28|0|10|5|0|0||Немає|Немає|Немає|є|Немає|Немає|є
228|Лиманська територіальна громада|Донецька область|id228|http://decentralization.gov.ua/region/common/id/145|2|Найменування показника|42552||3725|шкільного віку|40|54976800||56344300|50000|0|1417500|1209.75|138||21|0|1|23|1|45|13|19|11|3|0|є|є|є|є|є|є|є
229|Миколаївська територіальна громада|Донецька область|id229|http://decentralization.gov.ua/region/common/id/150|2|Найменування показника|23589||1339|1546|15|13099844||12242044|857800|0|0|280.4|6||6|0|0|7|1|7|0|5|2|1|1||є|є|Немає|Немає|є|є|є
231|Соледарська територіальна громада|Донецька область|id231|http://decentralization.gov.ua/region/common/id/161|2|Найменування показника|22541||516|906|37|37621298||45654070|0|0|8032772|14.108|||2|0|1|3|2|3|1|0|1|1|1|||є|Немає|Є|є|Немає|є
232|Черкаська територіальна громада|Донецька область|id232|http://decentralization.gov.ua/region/common/id/165|2|Найменування показника|11116||634|854|11|5877994||6137651|68033|0|0|296.73|7||7|0|0|7|0|6|0|6|2|0|1||є|немає|немає|немає|немає|немає|є
233|Шахівська територіальна громада|Донецька область|id233|http://decentralization.gov.ua/region/common/id/154|2|Найменування показника|3384||179|297|14|15677000||15584000|93000|0|0|23176|14||1|1|0|2|0|4|0|5|1|0|0||немає|немає|немає|немає|немає|немає|є
236|Барашівська територіальна громада|Житомирська область|id236|http://decentralization.gov.ua/region/common/id/673|2|Громади|Барашівська територіальна громада|Барашівська територіальна громада|Барашівська територіальна громада|Барашівська територіальна громада|Барашівська територіальна громада|Барашівська територіальна громада|Барашівська територіальна громада|Барашівська територіальна громада|Барашівська територіальна громада|Барашівська територіальна громада|Барашівська територіальна громада|Барашівська територіальна громада|Барашівська територіальна громада|Барашівська територіальна громада|Барашівська територіальна громада|Барашівська територіальна громада|Барашівська територіальна громада|Барашівська територіальна громада|Барашівська територіальна громада|Барашівська територіальна громада|Барашівська територіальна громада|Барашівська територіальна громада|Барашівська територіальна громада|Барашівська територіальна громада
239|Високівська територіальна громада|Житомирська область|id239|http://decentralization.gov.ua/region/common/id/677|2|Значення показника|2708|250|276|5|2952500|2092100|-|860400|-|9676|21|2|-|-|4|-|10|-|4|1|-|-|6|1|1|1|1|1|1|1
240|Вишевицька територіальна громада|Житомирська область|id240|http://decentralization.gov.ua/region/common/id/738|2|Показники|3228|219|335|5|2718100|1777400|-|940700|-|1005|19|2|2|-|1|-|9|-|3|2|-|-||1|1|-|-|-|-|1
245|Дубрівська територіальна громада|Житомирська область|id245|http://decentralization.gov.ua/region/common/id/684|2|Значення показника|5028|149|504|16|4855000|2822000|0|2033000|0|22051|46|3|5|0|7|0|20|0|10|1|0|0|є|є|є|немає|є|є|немає|є
246|Іршанська територіальна громада|Житомирська область|id246|http://decentralization.gov.ua/region/common/id/710|2|Значення показника|7482|379|851|5|13322800|15680600|0|0|2357800|6422|16|2|0|0|2|1|6|1|2|1|0|1|є|є|є|є|є|є|є|є
248|Корнинська територіальна громада|Житомирська область|id248|http://decentralization.gov.ua/region/common/id/1238|"|Unnamed: 2|8169|567|975|17|8335500|6103900|248700|1982900|0|3685|44|5|4|0|4|1|23|1|1|3|1|1|є|є|є|є|є|є|є|є
253|Народицька територіальна громада|Житомирська область|id253|http://decentralization.gov.ua/region/common/id/694|2|Значення показників|9865|311|1020|65|10692600|8602000|0|2090600|0|1284|105|8|4|2|14|1|49|1|19|5|1|1|є|є|є|є|є|є|є|є
254|Новоборівська територіальна громада|Житомирська область|id254|http://decentralization.gov.ua/region/common/id/695|2|Значення показника|8602|388|863|18|8962400|5930900|0|3031500|0|20975|36|3|2|0|6|1|14|1|6|2|0|1|є|є|є|є|є|є|є|є
257|Потіївська територіальна громада|Житомирська область|id257|http://decentralization.gov.ua/region/common/id/700|2|Значення показника|3618|181|274|24|2740100|1397000|0|1343100|0|25849|32|2|1|1|2|1|16|0|7|1|0|1|є|є|є|є|є|є|є|є
261|Ушомирська територіальна громада|Житомирська область|id261|http://decentralization.gov.ua/region/common/id/1274|2|Громади|Ушомирська територіальна громада|Ушомирська територіальна громада|Ушомирська територіальна громада|Ушомирська територіальна громада|Ушомирська територіальна громада|Ушомирська територіальна громада|Ушомирська територіальна громада|Ушомирська територіальна громада|Ушомирська територіальна громада|Ушомирська територіальна громада|Ушомирська територіальна громада|Ушомирська територіальна громада|Ушомирська територіальна громада|Ушомирська територіальна громада|Ушомирська територіальна громада|Ушомирська територіальна громада|Ушомирська територіальна громада|Ушомирська територіальна громада|Ушомирська територіальна громада|Ушомирська територіальна громада|Ушомирська територіальна громада|Ушомирська територіальна громада|Ушомирська територіальна громада|Ушомирська територіальна громада|Ушомирська територіальна громада|Ушомирська територіальна громада
263|Червоненська територіальна громада|Житомирська область|id263|http://decentralization.gov.ua/region/common/id/739|"|Unnamed: 2|5974|354|527|7|6712500|4965800|100000|1646700|0|15798|31|2|2|0|6|0|13|0|6|1|0|1|є|є|є|є|є|є|є|є
266|Калитянська територіальна громада|Київська область|id266|http://decentralization.gov.ua/region/common/id/747|2|Найменування показника|12500||988|1511|6||10 131,3||10 109,1|0|0|0|24564|25||4|0|0|5|0|10|0|3|3|0|0||Ні|Ні|Ні|Ні|Ні|Ні|ні
267|Пісківська територіальна громада|Київська область|id267|http://decentralization.gov.ua/region/common/id/1210|"|"|8321||665|998|3|8089900||6674100|0|1415800|0|15762|15||4|0|0|4|0|5|0|1|1|0|0||немає|немає|немає|немає|немає|немає|немає
268|Білокуракинська територіальна громада|Луганська область|id268|http://decentralization.gov.ua/region/common/id/391|2|Значення показника|13843|3190|802|2388|24|15 911418|15 381318|немає|базової дотації|немає|788|59|4|8|немає|8|3|17|1|15|2|лікарень|немає||є|є|є|є|є|є|є
269|Новопсковська територіальна громада|Луганська область|id269|http://decentralization.gov.ua/region/common/id/404|2|Найменування показника|12 294||417|1248|6|14 182 893||14 182 893|0|0|0||27|||3|0|4|2|8|2|3|2|1|0|так|так|так|так|так|так|так|так
270|Троїцька територіальна громада|Луганська область|id270|http://decentralization.gov.ua/region/common/id/411|2|Громади|Троїцька територіальна громада|Троїцька територіальна громада|Троїцька територіальна громада|Троїцька територіальна громада|Троїцька територіальна громада|Троїцька територіальна громада|Троїцька територіальна громада|Троїцька територіальна громада|Троїцька територіальна громада|Троїцька територіальна громада|Троїцька територіальна громада|Троїцька територіальна громада|Троїцька територіальна громада|Троїцька територіальна громада|Троїцька територіальна громада|Троїцька територіальна громада|Троїцька територіальна громада|Троїцька територіальна громада|Троїцька територіальна громада|Троїцька територіальна громада|Троїцька територіальна громада|Троїцька територіальна громада|Троїцька територіальна громада|Троїцька територіальна громада|Троїцька територіальна громада|Троїцька територіальна громада|Троїцька територіальна громада|Троїцька територіальна громада|Троїцька територіальна громада|Троїцька територіальна громада|Троїцька територіальна громада|Троїцька територіальна громада|Троїцька територіальна громада|Троїцька територіальна громада|Троїцька територіальна громада|Троїцька територіальна громада|Троїцька територіальна громада|Троїцька територіальна громада|Троїцька територіальна громада|Троїцька територіальна громада|Троїцька територіальна громада|Троїцька територіальна громада|Троїцька територіальна громада|Троїцька територіальна громада|Троїцька територіальна громада|Троїцька територіальна громада|Троїцька територіальна громада|Троїцька територіальна громада|Троїцька територіальна громада|Троїцька територіальна громада|Троїцька територіальна громада|Троїцька територіальна громада|Троїцька територіальна громада
|Троїцька територіальна громада
272|Бабинська територіальна громада|Львівська область|id272|http://decentralization.gov.ua/region/common/id/766|2|Найменування показника|4302||247|456|10|12009700||2253400|-|1831400||7793|21||2|2|1|-|-|8|-|7|1|-|-||Так|Так|Так|Так|Так|Так|так
273|Бісковицька територіальна громада|Львівська область|id273|http://decentralization.gov.ua/region/common/id/765|2||Найменування показника|6191||466|1017|8|15680700||2269900||2421300||5502|16||3|-|2|1|-|5|-|4|-|1|-||так|так|так|так|так|так|так
275|Вільшаницька територіальна громада|Львівська область|id275|http://decentralization.gov.ua/region/common/id/763|2||Найменування показника|3082||173|275|9|7033300||555700||1416900||7907|15||2|1|2|-|-|5||4|1|-|-||так|так|так|так|так|так|так
276|Воле-Баранецька територіальна громада|Львівська область|id276|http://decentralization.gov.ua/region/common/id/764|2|Найменування показника|5268||317|473|15|12380100||1239700||2374200||6943|23||2|4|1|-|-|8|-|6|1|1|-||так|так|так|так|так|так|так
277|Гніздичівська територіальна громада|Львівська область|id277|http://decentralization.gov.ua/region/common/id/762|2|Значення показника|6862||537|908|6|6 354 600||3 904 900|150 000|2 297 400||576|||2|2|2|3|0|12|0|3|1|0|0||Так|Так|Так|Так|Так|Так|Так
278|Грабовецька територіальна громада|Львівська область|id278|http://decentralization.gov.ua/region/common/id/761|2|Значення показника|3773|626|240|386|6|10272075||1525245||1716500|-|65.92|15||1|1|1|1|-|6|-|5|-|-|-||Так|Так|Так|Так|ні|Так|так
280|Дублянська територіальна громада|Львівська область|id280|http://decentralization.gov.ua/region/common/id/760|2|Найменування показника|3190||99|213|7|7047500||1342000|-|1300600||6635|15||1|-|1|1|-|7|-|4|-|1|||Так|Так|Так|Так|Так|Так|так
282|Заболотцівська територіальна громада|Львівська область|id282|http://decentralization.gov.ua/region/common/id/759|"|Unnamed: 2|2761|108|255|10|1738800|1588800  150000  867100  0|105646|21|1|1|2|4|0|0|9|0|3|0|1|0||Так|Так|Так|Так|Так|Так|Так
283|Луківська територіальна громада|Львівська область|id283|http://decentralization.gov.ua/region/common/id/758|2||Найменування показника|3928||299|366|7|9541200||1155000|154000|1751000|-|5468|17||1|2|2|-|-|7|-|4|1|-|-||Так|Так|Так|Так|Так|Так|так
285|Міженецька територіальна громада|Львівська область|id285|http://decentralization.gov.ua/region/common/id/757|2|Значення показника|2195|250|67|183|6|5283600||842600|-|989700|-|875|16||1|-|1|-|-|8|-|5|1|-|-||Так|Так|Так|Так|Так|Так|Так
288|Новокалинівська територіальна громада|Львівська область|id288|http://decentralization.gov.ua/region/common/id/756|2|Найменування показника|7263||447|658|8|22939400||9714600|70000|1078000||10908|||2|2|-|-|-|7||4|3|-|-||Так|Так|Так|Так|Так|Так|так
289|Новоміська територіальна громада|Львівська область|id289|http://decentralization.gov.ua/region/common/id/755|2|Значення показника|5295|648|216|432|14|13932500||1006400|-|3684300|-|1836|44||1|5|2|1|-|22|-|12|1|-|-||Так|Так|Так|Так|Так|Так|Так
290|Новострілищинська територіальна громада|Львівська область|id290|http://decentralization.gov.ua/region/common/id/754|2|Значення показників|2716|179|266|11|3200300     2074400  0  1125900  0|71936||1|2|0|1|0|16|0|5|1|0|1||немає|немає|немає|немає|немає|немає|є
293|Тростянецька територіальна громада|Львівська область|id293|http://decentralization.gov.ua/region/common/id/1242|2|Значення показників|7908|621|726|17|11795600  8919500  2876100  0|1904|42|4|2|1|1|0|27|0|10|2|0|0|ні|ні|ні|ні|ні|ні|ні|Так
295|Чукв’янська територіальна громада|Львівська область|id295|http://decentralization.gov.ua/region/common/id/752|2|Найменування показника|3560||278|374|7|9047100||923700||1588400||7682|20||2|1|2|-|-|5||4|1|-|-||так|так|так|так|так|так|так
317|Балтська територіальна громада|Одеська область|id317|http://decentralization.gov.ua/region/common/id/2|2|Найменування показника|33151|4039|978|3061|28|38 899,0||34 194,0|810|4 624,0|00|8546|95||3|4|1|15|3|48|1|15|4|1|-||є|є|є|є|є|є|є
318|Біляївська  територіальна громада|Одеська область|id318|http://decentralization.gov.ua/region/common/id/5|2|Найменування показника|13639|3205|1351|1854|3|25 933,2||28 047,9|00|00|2 114,7|1930|20||4|-|-|3|1|7|1|2|-|1|1||є|є|є|є|є|є|є
319|Великомихайлівська  територіальна громада|Одеська область|id319|http://decentralization.gov.ua/region/common/id/6|2|Найменування показника|12818|3824|1477|2347|25|14 292,6||12 197,7|00|2 094,9|00|4949|26||5|1||3|1|7|1|4|2|1|1||є|є|є|є|є|є|є
321|Коноплянська  територіальна громада|Одеська область|id321|http://decentralization.gov.ua/region/common/id/16|2|Найменування показника|4972||710|640|15|5 207 200||4 264 700|0|942 500|0|3146|33||4|2|0|3|0|17|0|5|1|0|0||немає|немає|немає|немає|немає|немає|є
322|Красносільська  територіальна громада|Одеська область|id322|http://decentralization.gov.ua/region/common/id/7|2|Найменування показника|10890|2080|914|968|7|20 358,3||18 091,0|2 015,2|2521|00|2466|19||1|3|1|2|-|5|-|4|2|-|1||є|є|є|є|є|є|є
323|Маразліївська територіальна громада|Одеська область|id323|http://decentralization.gov.ua/region/common/id/8|2|Найменування показника|6008|960|430|530|8|7 317,7||5 776,9|00|1 540,8|00|2521|25||3|1|-|5|-|10|-|4|1|-|1|є|є|є|є|є|є|є|є
324|Розквітівська  територіальна громада|Одеська область|id324|http://decentralization.gov.ua/region/common/id/3|2|Найменування показника|4338|848|348|500|14|39285||28586||10699||2368|26||3|-|-|4|-|12|-|5|1|-|1||є|є|є|є|є|є|є
325|Тузлівська територіальна громада|Одеська область|id325|http://decentralization.gov.ua/region/common/id/27|2|Найменування показника|2601|435|186|249|7|3 690,0||2 787,9|265|8755|00|101|14||1|-|-|1|-|6|1|3|1|-|1||є|є|є|є|є|є|є
326|Червоноармійська територіальна громада|Одеська область|id326|http://decentralization.gov.ua/region/common/id/4|2|Найменування показника|2326|486|181|305|6|3 324,8||3 038,5|00|2863|00|2078|20||2|1|-|3|-|9|-|4|1|-|-||є|є|є|є|є|є|є
329|Білоцерківська територіальна громада|Полтавська область|id329|http://decentralization.gov.ua/region/common/id/619|"|Unnamed: 2|4921|389|427|18|44701|54211|0|0|9510|200|27|2|3|-|3|-|12|-|6|1|-|-|4|-|1|1|1|-|1|1
332|Глобинська територіальна громада|Полтавська область|id332|http://decentralization.gov.ua/region/common/id/626|"|Unnamed: 2|16265|1356|1577|23|405290|486173|0|0|80883|353|53|5|4|-|7|3|16|1|14|2|1|1|6|1|1|1|1|1|1|1
333|Засульська територіальна громада|Полтавська область|id333|http://decentralization.gov.ua/region/common/id/632|2|Громади|Засульська територіальна громада|Засульська територіальна громада|Засульська територіальна громада|Засульська територіальна громада|Засульська територіальна громада|Засульська територіальна громада|Засульська територіальна громада|Засульська територіальна громада|Засульська територіальна громада|Засульська територіальна громада|Засульська територіальна громада|Засульська територіальна громада|Засульська територіальна громада|Засульська територіальна громада|Засульська територіальна громада|Засульська територіальна громада|Засульська територіальна громада|Засульська територіальна громада|Засульська територіальна громада|Засульська територіальна громада|Засульська територіальна громада|Засульська територіальна громада|Засульська територіальна громада|Засульська територіальна громада|Засульська територіальна громада|Засульська територіальна громада|Засульська територіальна громада|Засульська територіальна громада|Засульська територіальна громада|Засульська територіальна громада|Засульська територіальна громада|Засульська територіальна громада|Засульська територіальна громада|Засульська територіальна громада|Засульська територіальна громада|Засульська територіальна громада|Засульська територіальна громада|Засульська територіальна громада
334|Клепачівська  територіальна громада|Полтавська область|id334|http://decentralization.gov.ua/region/common/id/947|"|Unnamed: 2|2931|150|310|12|89033|89033|0|0|0|1268|20|1|2|1|2|-|8|-|5|1|-|-|6|1|1|1|1|1|1|1
335|Недогарківська територіальна громада|Полтавська область|id335|http://decentralization.gov.ua/region/common/id/949|"|Unnamed: 2|3819.0|245|379|5.0|47319.0|3895.0|50.0|7869.0|0.0|872.0|10.0|2|-|-|2|-|3|-|1|2|-|-|6.0|1|1|1|1|1|1|1.0
336|Новоаврамівська територіальна громада|Полтавська область|id336|http://decentralization.gov.ua/region/common/id/1243|"|Unnamed: 2|2910|155|283|10|7107900|7107900|0|0|0|1372|32|2|2|0|3|0|16|0|7|2|0|0||є|є|є|є|є|є|є
337|Омельницька територіальна громада|Полтавська область|id337|http://decentralization.gov.ua/region/common/id/650|"|Unnamed: 2|5487.0|342|568|20.0|76963.0|76963.0|0.0|0.0|0.0|109.0|18.0|2.0|||4.0||4.0||7.0|1.0|||6.0|1|1|1|1|1|1|1.0
338|Пирятинська  територіальна громада|Полтавська область|id338|http://decentralization.gov.ua/region/common/id/948|"|Unnamed: 2|17299|683|1924|10|283000|281000|200|0|0|976|29|4|1|1|7|2|9|2|2|-|1|-|6|1|1|1|1|1|1|1
339|Піщанська територіальна громада|Полтавська область|id339|http://decentralization.gov.ua/region/common/id/946|2|Значення показника|8457|540|731|7|9339|9339|0|0|0|7803|12|1|2|-|3|-|3|-|1|2|-|-|6|1|1|1|1|-|1|1
340|Покровсько-Багачанська територіальна громада|Полтавська область|id340|http://decentralization.gov.ua/region/common/id/653|"|Unnamed: 2|2600|300|300|7|30387|30387|0|0|0|121|20|1|1|1|3|-|8|-|4|2|-|-|6|1|1|1|1|1|1|1
341|Пришибська територіальна громада|Полтавська область|id341|http://decentralization.gov.ua/region/common/id/945|"|Unnamed: 2|2046|120|145|5|88235|80798|0|7437|0|92|10|1|-|-|1|-|3|1|2|1|-|1|6|1|1|1|1|1|1|1
344|Семенівська територіальна громада|Полтавська область|id344|http://decentralization.gov.ua/region/common/id/659|"|Unnamed: 2|7528|522|959|4|133337|124793|0|8544|0|251|22|2|1|-|2|3|9|-|2|1|1|1|6|1|1|1|1|1|1|1
346|Скороходівська територіальна громада|Полтавська область|id346|http://decentralization.gov.ua/region/common/id/614|"|Unnamed: 2|5055|473|448|9|9211700|8037100|0|1174600|0|1356|17|1|1|0|4|0|6|0|4|1|0|0||є|є|є|є|є|є|є
347|Червонознам’янська територіальна громада|Полтавська область|id347|http://decentralization.gov.ua/region/common/id/663|"|Unnamed: 2|5162|334|431|5|52294|5050|0|1794|0|82.69|14|1|2|-|3|-|4|-|3|1|-|-|6|1|1|1|1|1|1|1
348|Шишацька територіальна громада|Полтавська область|id348|http://decentralization.gov.ua/region/common/id/666|"|Unnamed: 2|15307.0|976|1915|63.0|336966.0|357888.0|0.0|0.0|20922.0|608.0|64.0|8.0|3.0|1.0|13.0|2.0|20.0|1.0|8.0|6.0|1.0|1.0|10.0|1|2|1|4|1|1|1.0
349|Бабинська територіальна громада|Рівненська область|id349|http://decentralization.gov.ua/region/common/id/40|"|Unnamed: 2|3618|303|456|4|2656975|1981736  -  675239  -|54725|15|2|1|-|1|-|7|-|3|1|-|-||1|1|1|1|1|1|так
352|Бугринська територіальна громада|Рівненська область|id352|http://decentralization.gov.ua/region/common/id/41|"|Unnamed: 2|4216|341|456|12|2023279|1443279  -  580000  -|139506|41|2|2|-|2|-|8|-|6|1|-|1||1|1|1|1|1|1|так
355|Клесівська територіальна громада|Рівненська область|id355|http://decentralization.gov.ua/region/common/id/73|"|"|10191|1162|1537|7|12635900|12635900|-|-|-|33773|30|2|2|2|5|-|11|-|4|2|1|1||так|так|так|так|так|так|так
357|Крупецька  територіальна  громада|Рівненська область|id357|http://decentralization.gov.ua/region/common/id/1246|"|Unnamed: 2|5968|439|834|16|6 342 826,8||5 719 192,80|0|623 634,00|0|1801|28|3|2|1|7|0|4|0|10|1|0|0||1|1|1|1|1|1|1
359|Миляцька територіальна громада|Рівненська область|id359|http://decentralization.gov.ua/region/common/id/796|"|Unnamed: 2|7031|2063|901|1162|9|4896391||2408067|-|2488324|-|4243|23||3|3|-|3|-|6|-|6|2|-|-|-|-|1|1|1|-|1|4
363|Підлозцівська територіальна громада|Рівненська область|id363|http://decentralization.gov.ua/region/common/id/61|"|Unnamed: 2|1871|222|337|8|11308454|1090697,4     -     40148  -|63364|10|2|-|-|2|-|4|-|1|1|-|-||1|1|1|1|1|1|1
365|Привільненська територіальна громада|Рівненська область|id365|http://decentralization.gov.ua/region/common/id/1245|"|Unnamed: 2|3047|269|422|7|6848095||5148695|0|1699400|0|8236|19|1|1|1|1|-|7|1|7|-|-|-||1|1|1|1|1|1|1
366|Радивилівська територіальна громада|Рівненська область|id366|http://decentralization.gov.ua/region/common/id/65|"|Unnamed: 2|16387|1211|2086|18|14 458 799,64||12 421 639,64|50 000,00|1 987 160,00|0|14349|35|6|1|-|6|3|8|1|5|3|1|1||1|1|1|1|1|1|1
368|Бездрицька територіальна громада|Сумська область|id368|http://decentralization.gov.ua/region/common/id/1295|"|"|4038|231|305|4|11014800|6523200|-|1292200|-|8269|11|2|-|-|2|-|4|1|-|2|-|-|Є|Є|Є|Є|Є|Є|Є|Є
369|Березівська територіальна громада|Сумська область|id369|http://decentralization.gov.ua/region/common/id/81|"|"|5691|311|518|21|14444400|12800000|-|1644400|-|4651|30|3|3|-|-|-|15|-|6|3|-|-||Є|Є|Є|Є|Є|Є|Є
370|Боромлянська територіальна громада|Сумська область|id370|http://decentralization.gov.ua/region/common/id/83|"|"|6462.0|373|511|12.0|11585643.0|10537813|79930|967900|-|30502.0|11.0|2|-|-|1|1|3|1|1|1|-|1|7.0|1|1|1|1|2|1|2.0
372|Вільшанська територіальна громада|Сумська область|id372|http://decentralization.gov.ua/region/common/id/90|"|"|5117|92|316|22|15152400|8894200|-|1228800|-|25851|32|3|2|-|2|-|16|-|7|2|-|-|Є|Є|Є|Є|Є|Є|Є|Є
373|Грунська територіальна громада|Сумська область|id373|http://decentralization.gov.ua/region/common/id/92|"|"|5781|239|364|17|7460100|5541200|-|1918900|-|24699|29|4|1|-|4|-|12|-|4|1|2|1||Є|Є|Є|Є|Є|Є|Є
374|Дружбівська територіальна громада|Сумська область|id374|http://decentralization.gov.ua/region/common/id/94|"|"|5560|391|502|12|19483800|7706600|-|175700|-|12613|19|2|1|-|3|-|9|-|2|-|1|1||Є|Є|Є|Є|Є|Є|Є
375|Зноб-Новгородська територіальна громада|Сумська область|id375|http://decentralization.gov.ua/region/common/id/96|"|"|4760|140|422|27|17010700|5713700|-|1445100|-|4691|50|4|2|2|1|-|27|-|11|1|1|1||-|-|-|-|Є|-|Є
376|Кириківська територіальна громада|Сумська область|id376|http://decentralization.gov.ua/region/common/id/1296|"|"|6918|341|583|14|23019300|8035600|-|2212400|-|2658|34|5|-|-|6|-|15|-|4|4|-|-|Є|Є|Є|Є|Є|Є|Є|Є
379|Миколаївська територіальна громада (селищна)|Сумська область|id379|http://decentralization.gov.ua/region/common/id/1297|"|"|10399|472|1106|39|34860800|17161300|-|2591000|-|457349|52|7|2|-|3|-|25|-|12|2|1|-|Є|Є|Є|Є|Є|Є|Є|Є
380|Миколаївська територіальна громада (сільська)|Сумська область|id380|http://decentralization.gov.ua/region/common/id/103|"|"|3839|137|284|20|12003700|7609500|-|-|-|23361|21|2|1|-|1|1|10|-|4|2|-|-|Є|Є|Є|Є|Є|Є|Є|Є
381|Миропільська територіальна громада|Сумська область|id381|http://decentralization.gov.ua/region/common/id/1298|"|"|4428|289|477|10|15354700|7113653|-|1799653|-|2986|29|2|2|-|1|-|15|-|7|2|-|-||Є|Є|Є|Є|Є|Є|Є
382|Недригайлівська територіальна громада|Сумська область|id382|http://decentralization.gov.ua/region/common/id/104|"|"|8870|273|687|23|29748600|17340300|350800|566700|-|233|45|3|2|-|6|1|17|-|10|3|2|1|Є|Є|Є|Є|Є|Є|Є|Є
383|Нижньосироватська територіальна громада|Сумська область|id383|http://decentralization.gov.ua/region/common/id/1299|"|"|6007|328|429|5|11660700|5475200|-|2337000|-|1658|11|2|-|-|2|-|5|-||2|-|-|Є|Є|Є|Є|Є|Є|Є|Є
384|Хотінська територіальна громада|Сумська область|id384|http://decentralization.gov.ua/region/common/id/119|"|"|4950|269|413|10|14347600|7958200|-|1064200|-|17655|23|1|1|1|3|-|11|-|4|2|-|-|Є|Є|Є|Є|Є|Є|Є|Є
385|Шалигинська територіальна громада|Сумська область|id385|http://decentralization.gov.ua/region/common/id/124|"|"|4266|98|328|9|7620700|6861900|-|758900|-|25752|23|3|1|-|1|-|11|-|6|1|-|-||Є|Є|Є|Є|Є|Є|Є
386|Байковецька територіальна громада|Тернопільська область|id386|http://decentralization.gov.ua/region/common/id/794|"|Unnamed: 2|5614|380|623|7|200921||198468|18775||34955|862||1|4|0|1|1|6|4|5|1|0|0||так|так|так|так|так|так|так
387|Білобожницька територіальна громада|Тернопільська область|id387|http://decentralization.gov.ua/region/common/id/793|"|Unnamed: 2|3885|190|493|6|16272||12235||8554||743||1|2|0|3|0|7|1|5|1|0|0||так|так|так|так|так|так|так
391|Васильковецька територіальна громада|Тернопільська область|id391|http://decentralization.gov.ua/region/common/id/792|"|Unnamed: 2|6322|364|762|6|94072||83698|296||10078|1260||2|4|1|5|2|5|4|4|3|-|-||так|так|так|так|так|так|так
392|Великогаївська територіальна громада|Тернопільська область|id392|http://decentralization.gov.ua/region/common/id/791|"|Unnamed: 2|11187|748|1318|14|131217||104203||27014||1420||3|2|1|4|2|14|5|11|0|1|-||так|так|так|так|так|так|так
396|Гусятинська територіальна громада|Тернопільська область|id396|http://decentralization.gov.ua/region/common/id/790|"|Unnamed: 2|8391|77|149|4|140353||127216|5379|7757||350||1|2|0|3|1|3|1|3|1|1|0||так|так|так|так|так|так|так
397|Заводська територіальна громада|Тернопільська область|id397|http://decentralization.gov.ua/region/common/id/789|"|Unnamed: 2|4463|257|622|2|45842||43907|8946|||288||1|1|0|2|0|2|2|1|1|0|0||так|так|так|так|так|так|так
399|Золотниківська територіальна громада|Тернопільська область|id399|http://decentralization.gov.ua/region/common/id/788|"|Unnamed: 2|8204|403|855|21|68124||42523|56|25546||2840||3|7|1|6|1|15|4|16|2|1|-||так|так|так|так|так|так|так
400|Золотопотіцька територіальна громада|Тернопільська область|id400|http://decentralization.gov.ua/region/common/id/787|"|Unnamed: 2|10914|812|1606|11|96048||23844|206|71998||1240||4|3|4|11|1|8|4|9|2|1|0||так|так|так|так|так|так|так
401|Іванівська територіальна громада|Тернопільська область|id401|http://decentralization.gov.ua/region/common/id/771|"|Unnamed: 2|4482|241|452|5|35420||24332||11088||1100||2|3|-|5|1|4|3|3|2|-|-||так|так|так|так|так|так|так
402|Козлівська територіальна громада|Тернопільська область|id402|http://decentralization.gov.ua/region/common/id/786|"|Unnamed: 2|4648|310|736|5|66646||46446|677|19523||960||0|3|0|1|1|3|3|4|1|1|0||так|так|так|так|так|так|так
403|Колиндянська територіальна громада|Тернопільська область|id403|http://decentralization.gov.ua/region/common/id/785|"|Unnamed: 2|4696|242|463|6|14979||12774||28113||1080||2|2|1|5|1|5|4|4|2|0|0||так|так|так|так|так|так|так
404|Колодненська територіальна громада|Тернопільська область|id404|http://decentralization.gov.ua/region/common/id/784|"|Unnamed: 2|2830|134|460|5|15460||13655||||790||1|2|1|1|0|3|1|3|2|0|0||так|так|так|так|так|так|так
405|Коропецька територіальна громада|Тернопільська область|id405|http://decentralization.gov.ua/region/common/id/783|"|Unnamed: 2|4900|63|182|6|12099||11832|267|||680||1|1|3|1|1|4|2|5|1|1|0||так|так|так|так|так|так|так
407|Лопушненська територіальна громада|Тернопільська область|id407|http://decentralization.gov.ua/region/common/id/782|"|Unnamed: 2|2317|187|344|6|6391||6181|210|||550||1|3|0|0|0|4|2|3|1|0|0||так|так|так|так|так|так|так
408|Мельнице-Подільська територіальна громада|Тернопільська область|id408|http://decentralization.gov.ua/region/common/id/781|"|Unnamed: 2|16206|882|2113|20|14 365,8||4 057,2|1342|101745||2230||5|5|4|7|1|20|5|16|4|1|0||так|так|так|так|так|так|так
409|Микулинецька територіальна громада|Тернопільська область|id409|http://decentralization.gov.ua/region/common/id/780|"|Unnamed: 2|7993|624|1121|7|74259||52396|1544|20319||940||1|2|2|3|3|7|4|4|1|1|-||так|так|так|так|так|так|так
410|Новосільська територіальна громада|Тернопільська область|id410|http://decentralization.gov.ua/region/common/id/799|"|Unnamed: 2|3496|196|483|8|25830||13142||12688||920||1|1|1|2|1|9|4|2|1|0|-||так|так|так|так|так|так|так
411|Озернянська територіальна громада|Тернопільська область|id411|http://decentralization.gov.ua/region/common/id/778|"|Unnamed: 2|6366|356|687|8|48911||17350||31561||1270||1|3|3|2|1|7|3|6|2|0|-||так|так|так|так|так|так|так
412|Озерянська територіальна громада|Тернопільська область|id412|http://decentralization.gov.ua/region/common/id/777|"|Unnamed: 2|2644|131|302|5|12409||11914|495|||570||1|1|2|1|0|4|2|4|1|0|0||так|так|так|так|так|так|так
413|Підволочиська територіальна громада|Тернопільська область|id413|http://decentralization.gov.ua/region/common/id/775|"|Unnamed: 2|19855|967|2199|23|204695||162513||42182||3500||6|9|2|12|3|35|12|17|4|1|-||так|так|так|так|так|так|так
414|Почаївська територіальна громада|Тернопільська область|id414|http://decentralization.gov.ua/region/common/id/776|"|Unnamed: 2|9455|80|178|4|56645||55207|1438|||540||1|1|1|1|1|2|2|2|1|1|0||так|так|так|так|так|так|так
415|Скала-Подільська територіальна громада|Тернопільська область|id415|http://decentralization.gov.ua/region/common/id/774|"|Unnamed: 2|9660|558|924|12|85462||43858|5101|41094||1499||3|4|1|6|1|13|6|8|4|0|0||так|так|так|так|так|так|так
416|Скалатська територіальна громада|Тернопільська область|id416|http://decentralization.gov.ua/region/common/id/773|"|Unnamed: 2|14478|767|1378|16|135276||91225||44051||2240||5|4|3|10|2|29|9|12|5|1|-||так|так|так|так|так|так|так
417|Скориківська територіальна громада|Тернопільська область|id417|http://decentralization.gov.ua/region/common/id/772|"|Unnamed: 2|4066|217|453|14|31734||30670|90|7619||1440||2|3|2|4|1|12|5|10|1|0|0||так|так|так|так|так|так|так
418|Теребовлянська територіальна громада|Тернопільська область|id418|http://decentralization.gov.ua/region/common/id/770|"|Unnamed: 2|30698|1049|2281|26|286789||211626|4386|70778||3990||6|11|4|10|3|13|9|16|5|1|-||так|так|так|так|так|так|так
421|Шумська територіальна громада|Тернопільська область|id421|http://decentralization.gov.ua/region/common/id/769|"|Unnamed: 2|21297|1457|2966|36|195026||115318|1941|77767||4995||7|13|5|3|2|41|9|32|3|1|0||так|так|так|так|так|так|так
422|Мереф’янська територіальна громада|Харківська область|id422|http://decentralization.gov.ua/region/common/id/841|2|Значення показника|25753|1394|2696|7|58242557||29938800 0|433500|9955|34|8|-|-|5|0|12|1|4|3|1|-||1|1|1|1|1||2
425|Старосалтівська територіальна громада|Харківська область|id425|http://decentralization.gov.ua/region/common/id/818|2|Значення показника|8924|1295|543|752|20|14 125 200||10 175 800|905 600|3 043 800||4726|36||7(ут.ч НВК 1)|-|-|3||16|-|5|5|-|-||Приміщення опорного пункту СтаросалтівськогоПОМ   '|Приміщення селищної ради|Приміщення денного стаціонару лікарні|Приміщення денного стаціонару лікарні|Приміщення МЧС|Приміщення колишньої аптеки|Приміщення селищної ради
434|Кочубеївська територіальна громада|Херсонська область|id434|http://decentralization.gov.ua/region/common/id/768|2|Значення показника|3368|192|280|14|3 961 300,00|3 184 900,0|-|776 400,0|-|206234|28|2|2|-|5|-|12|-|5|2|-|-|9 (49 кабінетів)|4 (6 кабінети)|1 (2 кабінети)|1 (2 кабінети)|1 (2 кабінети)|1 (2 кабінети)|1 (2 кабінети)|4 (33 кабінети)
441|Берездівська територіальна громада|Хмельницька область|id441|http://decentralization.gov.ua/region/common/id/562|2|Значення показника|8726|227|790|27|7711790||5422690|-|2289100|-|102347|76||6|6||10||34|1|18|1||||в наявності|в наявності|в наявності|в наявності|в наявності|в наявності
442|Війтовецька територіальна громада|Хмельницька область|id442|http://decentralization.gov.ua/region/common/id/566|"|Unnamed: 2|7699     796|239|557|17|156819|5690,92     932,2  2426  –|265||4|3|1|6||24|1|11|1|-  1||так|так|так|так|так|так|так
443|Волочиська територіальна громада|Хмельницька область|id443|http://decentralization.gov.ua/region/common/id/565|"|Unnamed: 2|34394|1335|3307|40|42549009|38312600     4236409  –  –|490||11|10|0|21|3|52|2|19|7|1|1||так|так|так|так|так|так|так
444|Ганнопільська територіальна громада|Хмельницька область|id444|http://decentralization.gov.ua/region/common/id/568|2|Значення показника|6747|201|667|16|5398600||2983100|4000|2411500|-||58|7|2|1|7||24||16|1|||||в наявності|в наявності|в наявності|в наявності|в наявності|в наявності
445|Гвардійська територіальна громада|Хмельницька область|id445|http://decentralization.gov.ua/region/common/id/569|2|Значення показника|6668|1088|467|621|11|577800000||388820000|4000000|184980000|----|1710|41||4|2|-|6|-|17|-|10|1|-|1||в наявності|в наявності|в наявності|в наявності|в наявності|в наявності|в наявності
447|Гуменецька територіальна громада|Хмельницька область|id447|http://decentralization.gov.ua/region/common/id/572|2|Значення показника|12634||1120|1802|21|21072400||21072400|||1066600|24956|73||4|7|1|13||32||14|2||||в наявності|в наявності|в наявності|в наявності|в наявності|в наявності|в наявності
448|Дунаєвецька територіальна громада (міська)|Хмельницька область|id448|http://decentralization.gov.ua/region/common/id/575|2|Значення показника|39620||2840|3751|51|55874900||32957100|14639600|8278200||66118|150||16|8|1|29|1|55|1|32|4|1|2||Так|Так|Так|Так|Так|Так|Так
449|Дунаєвецька територіальна громада (селищна)|Хмельницька область|id449|http://decentralization.gov.ua/region/common/id/576|2|Значення показника|11524||569|1003|18|17908800||10544200|3939300|3425300||26078|55||5|4||10||20|1|11|3||1||в наявності|в наявності|в наявності|в наявності|в наявності|в наявності|в наявності
450|Китайгородська територіальна громада|Хмельницька область|id450|http://decentralization.gov.ua/region/common/id/803|2|Значення показника|4515.0||242.0|339.0|13.0|3522500.0||1757400.0||1765100.0||186734.0|||4.0|3.0||5.0||19.0||8.0|1.0|||6.0|1.0|1.0|1.0|1.0|1.0|1.0|14.0
451|Колибаївська територіальна громада|Хмельницька область|id451|http://decentralization.gov.ua/region/common/id/802|2|Значення показника|5611.0||385|543|7.0|14434729.0||8838777|2023152|3572800|-|7002.0|19.0||1|3|-|4|-|5|-|6|-|-|-|12.0|2|2|2|2|2|2|3.0
453|Летичівська територіальна громада|Хмельницька область|id453|http://decentralization.gov.ua/region/common/id/584|2|Значення показника|19838|1514|1988|45|23019300||16297400|2683300|4038600|-|53197|113||8|3|-|14|2|52|2|27|3|1|1||1|1|1|3|3|1|2
454|Лісовогринівецька територіальна громада|Хмельницька область|id454|http://decentralization.gov.ua/region/common/id/585|2|Значення показника|8503||441|639|14|8375800||6025500|100000|2250300|-|257986|38||4|4|-|4||21||10|3||||в наявності|в наявності|в наявності|в наявності|в наявності|в наявності|в наявності
455|Маківська територіальна громада|Хмельницька область|id455|http://decentralization.gov.ua/region/common/id/586|2|Значення показника|7690||388|600|8|17185800||5278300|2172500|2835900||10363|24||2|3||3||9||5|1||1||Так|Так|Так|Так|Так|Так|Так
457|Наркевицька територіальна громада|Хмельницька область|id457|http://decentralization.gov.ua/region/common/id/589|"|Unnamed: 2|6603|337|529|16|7958000||6992900||965100||21494|33|3|2|-|4|-|12|1|9|1|-|1||так|так|так|так|так|так|так
458|Новоушицька територіальна громада|Хмельницька область|id458|http://decentralization.gov.ua/region/common/id/591|2|Значення показника|27028.0|3812|1344|2468|53.0|234984.0||154684||8030||747.0|181.0||14|8|0|32|2|77|1|41|4|1|1|11.0|5|1|1|2|1|1|2.0
459|Полонська територіальна громада|Хмельницька область|id459|http://decentralization.gov.ua/region/common/id/594|2|Значення показника|33452|2884|3674|30|27075900||17740900|203400|9131600|0|533|100||12|4|2|15|2|41||є|є|є|є|є|є|є
460|Понінківська територіальна громада|Хмельницька область|id460|http://decentralization.gov.ua/region/common/id/595|2|Значення показника|8590||615|1077|7|15171300||4178400|0|2328700|7575800|1088400|179963|15||2|1|-|3|-|1|3|1|1|1|1|1||в наявності|в наявності|в наявності|в наявності|в наявності|в наявності|в наявності
461|Розсошанська територіальна громада|Хмельницька область|id461|http://decentralization.gov.ua/region/common/id/801|2|Значенняпоказника|4481|834|282|552|7|13114900||6560200||0|191500|1002|19||2|1|-|2|-|8|-|4|2|-|-||Так|Так|Так|Так|Так|Так|Так
462|Сатанівська територіальна громада|Хмельницька область|id462|http://decentralization.gov.ua/region/common/id/596|2|Значення показника|8002||403|664|11|95552||74885||20667|-|202972|||3|2|-|3|1 1|6|1 1|5|3|-|1||в наявності|в наявності|в наявності|в наявності|в наявності|в наявності|в наявності
464|Судилківська територіальна громада|Хмельницька область|id464|http://decentralization.gov.ua/region/common/id/604|2|Громади|Судилківська територіальна громада|Судилківська територіальна громада|Судилківська територіальна громада|Судилківська територіальна громада|Судилківська територіальна громада|Судилківська територіальна громада|Судилківська територіальна громада|Судилківська територіальна громада|Судилківська територіальна громада|Судилківська територіальна громада|Судилківська територіальна громада|Судилківська територіальна громада|Судилківська територіальна громада|Судилківська територіальна громада|Судилківська територіальна громада|Судилківська територіальна громада|Судилківська територіальна громада|Судилківська територіальна громада|Судилківська територіальна громада|Судилківська територіальна громада|Судилківська територіальна громада
466|Чорноострівська територіальна громада|Хмельницька область|id466|http://decentralization.gov.ua/region/common/id/608|2|Значення показника|11954|1909|777|1132|21|11724900||8596400|141200|2987300||26293|55|3|6|1|9||19|1|14|2||||в наявності|в наявності|в наявності|в наявності|в наявності|в наявності|в наявності
478|Вашковецька територіальна громада|Чернівецька область|id478|http://decentralization.gov.ua/region/common/id/358|2|Значення показника|5443|1144|440|704|5|37670||17370|-|20300|-|58.67|12||2|-|-|2|-|3|-|2|2|-|-|3|Є|Є|Є|Є|Є|Є|Є
479|Великокучурівська територіальна громада|Чернівецька область|id479|http://decentralization.gov.ua/region/common/id/359|2|Значення показника|14191|3057|836|2221|5|104430||36020|-|68410|-|996|9||3|1|0|2|0|5|2|3|2|1|0|6|Є|Є|Є|Є|Є|Є|Є
481|Волоківська територіальна громада|Чернівецька область|id481|http://decentralization.gov.ua/region/common/id/361|2|Значення показника|6319|1255|464|791|3|71830||43708|-|28122|0|560|10||1|2|0|3|-|5|5|-|2|-|-|6|Є|Є|Є|Є|Є|Є|Є
482|Глибоцька територіальна громада|Чернівецька область|id482|http://decentralization.gov.ua/region/common/id/363|2|Значення показника|10857|1743|389|1354|3|||||||68406|14||2|2|-|3|-|4|-|2|1|-|-|6|Є|Є|Є|Є|Є|Є|Є
486|Мамалигівська територіальна громада|Чернівецька область|id486|http://decentralization.gov.ua/region/common/id/372|2|Значення показника|12744|2078|680|1398|11|128966||69071|-|59895|-|175|45||7|-|-|6|1|23|-|2|6|-|-|6|Є|Є|Є|Є|Є|Є|Є
488|Рукшинська територіальна громада|Чернівецька область|id488|http://decentralization.gov.ua/region/common/id/381|2|Значення показника|6886|1367|240|771|6|53554||20027|38|33147|-|10857|29|-|2|1|2|4|1|-|12|-|5|2|-|-|6|Є|Є|Є|Є|Є|Є|Є
490|Сокирянська територіальна громада|Чернівецька область|id490|http://decentralization.gov.ua/region/common/id/382|2|Значення показника|11469|2271|863|1408|2|||11 963,1|1219|||38|||3|-|-|3|3|7|1|-|1|1|2|є|Є|Є|Є|Є|Є|Є|Є
493|Усть-Путильська територіальна громада|Чернівецька область|id493|http://decentralization.gov.ua/region/common/id/795|2|Значення показника|2270|588|226|362|6|20748||9726||11022||9206|13||1|1|-|2|-|4|-|5|-|-|-|6|Є|Є|Є|Є|Є|Є|Є
